roger jones,98728310@N00,122179449,122115628,121193204,121193017,121366803,111175647,123186897,98419225,78168378,84159460,57817736,46170263,40252736,122342443,117956006,49032022,124497000,124496989,124476822,124409357,123749225,123749222,40996395,126819621,126086400,126561273,126021277,114383167,125268724,125009535,121193439,124494240,130557088,129252862,128773891,128921634,128921632,128917616,128741666,128564653,47997909,127792542,128022093,127339241,119863479,39613841,132626834,132385338,130848294,131890097,131885128,131219329,130507121,130505946,136295499,135774459,135689211,135678746,2475517,135376582,135148610,135205897,134662467,134031217,132689220,114002960,131421007,144959174,144956790,144933923,144864240,143112325,93996887,
roger jones,98728310@N00,143834219,143533676,143218825,143199806,143070917,142912830,142868672,142868673,142583483,142582714,142580507,57280605,83291812,140670820,141078793,37820761,140322638,140173386,140134740,140104707,140052307,139863307,138886085,137041292,53240747,119863392,138358849,138012202,138019378,137932558,134570057,137925598,137905008,56444120,136725463,136705319,136684329,136602190,136400395,136186085,149403186,149107388,148101855,148484443,148280205,148189713,148059877,147912647,145384435,147436313,145409074,147068489,146268028,145895772,145689938,145237481,145239968,111934606,144959174,144956790,144933923,134408378,149915225,149057517,18285020,151568393,152587583,152572312,152363726,54240778,155355329,155328103,
roger jones,98728310@N00,155216049,153478764,152587584,157300590,159115072,159007827,158769261,158484969,130662187,158463757,158424489,157608183,89437694,74269188,161474252,161445946,160702023,160582254,160555328,137667572,163444550,163054287,162787777,134525489,164397669,165539569,164480678,56499094,167567524,167392233,167392232,170230704,170901117,171071661,171017153,171799435,164498371,147469971,172948145,173509940,173992406,174151629,174215766,174227017,174589239,174678831,172930530,176827283,176833698,177099423,177432913,89592619,177466513,67954198,178458946,177467714,178837279,172471228,179393016,
roger jones,98728310@N00,179269218,180463905,180491298,180739766,180989627,181025992,183066803,175250866,183541595,183541593,183541592,27428878,26071156,183777069,184320294,184473010,184473012,184484562,184862072,185709942,185709822,186408928,186577968,186664653,186664738,186664855,186977456,187428093,187452348,187820233,187879753,188573684,163952573,188573679,189247545,168668365,189563015,189628350,183066806,190575364,190576069,190321830,191266366,180690245,192233982,
roger jones,98728310@N00,192418000,192912855,193071637,193157927,134948816,193018350,193028056,194117298,194559914,193846107,195862395,196210346,193166896,197787129,197846500,198416847,198417422,198927648,193677995,198456256,199792679,200130956,200419299,200836726,201053075,200687263,201374946,168084755,202138481,202138485,203412414,
roger jones,98728310@N00,195930933,204556574,183066807,204590163,206414841,174959484,182265243,113866280,162546537,201614132,207374576,207421551,208639092,208743562,208649127,209754180,209797819,209871144,209820060,183068580,209752766,211278583,211983068,193678040,213671111,171145897,214776680,214800632,215202067,123992553,204586579,220157606,200723781,247498039,96639633,45709184,
shilly shally,45069624@N00,6585010,15241504,16811684,17739276,4923854,17908205,22864477,10567775,25139645,26148800,27203437,27224693,29157344,31313764,32041829,32305428,36819462,38400250,42835987,24479227,52208384,53511011,54213693,2151525,54952483,10329270,58883761,59066213,61182834,63920222,64514966,72255853,91272968,92031005,95192001,106094379,107421098,107932700,108390115,108243267,109056754,111519137,111200834,112191434,113731908,114742713,116162640,87695014,116836183,51759034,51742345,99692149,71402469,119850445,118978494,8447264,121677319,8447038,104850443,121193307,105353968,124468186,123939852,123404806,126724414,126705394,126690500,130111239,129246455,128175437,127792495,126766902,126887508,131156243,131754658,131755111,135903839,135774460,135592804,133947759,92276902,133932283,143849950,143834939,143834721,143834529,143830697,143215366,143115058,129187708,138274914,138108626,131755833,137992386,136725466,136668698,148844052,148326513,40366217,144484392,146878000,146008539,145947151,145378478,144982722,75239729,150498046,149855594,64831962,153092123,155119836,154526881,51961290,156711249,156056346,158488813,158488869,158442385,160661261,163443285,162529328,162842242,166149856,166905452,166910468,168706375,169416308,170083468,170899576,171125725,172248487,172887644,174353956,175430721,176869714,178133079,183370820,184575298,187678771,189215635,189877262,175118471,193044008,193159542,194036135,193867211,193846109,195883767,197661274,193677901,199939040,193866209,200702582,203494441,204604357,193677853,205435229,205733595,206881265,207260563,207426526,209711147,209870365,211416022,211662945,214640543,214877652,218693662,219177087,221745601,221777553,222739268,225007517,226769353,226937039,228718045,229752122,200750519,27872802,232430643,219313535,234962734,237453329,239077452,240233951,243014342,239964566,245080987,246168218,247659224,249752632,201040817,224086944,
petalum,19335854@N00,4797580,117718,4557830,15407643,15412153,15406207,15091256,15090830,14033093,15577069,8591078,15743511,15878388,15976428,15993849,16090184,16324092,6024002,16715569,16835225,11930415,5443832,17021779,17043987,17187231,12426034,17348053,17527516,4643723,18134568,18278696,18383547,18470712,10701024,19221058,19259334,19475047,20197808,20208592,8647249,20635548,20842089,21318550,21847775,22471049,22704409,22760818,23399164,25740902,25926478,26580320,28087754,28673923,30166685,31363323,14437532,36819771,44584836,44610990,44591290,45613473,49022896,61407034,62274509,68180289,75345454,85479454,88056851,103860029,62188762,108047005,107936484,109450181,110476792,111832099,7234649,115914363,96147058,117203880,119185766,119913554,119509442,94353913,121389821,35952320,111513333,129005256,129147776,73434192,127712543,126503697,125510461,132273793,132236937,131755224,131724735,131018981,131018468,9657462,135903841,143618226,143619148,143799075,136968703,140338030,139579871,139486692,138884282,137314609,147904759,147999022,147387474,145697016,144270551,144270551,151988451,141819362,128972615,151741187,151663125,42456287,152572226,152572543,157906129,154408487,156000648,157960453,126238267,162018515,161371366,155805661,162787724,162236652,164351841,156028126,167283257,167537609,162472040,169040626,170163729,170214906,171103348,102657761,164480238,173081670,173044130,174073459,174871104,177989547,177989863,178025306,40369705,180039890,180214869,184552901,184855168,190151692,191218524,195244929,196556558,196576865,197751882,198246456,202615844,189506635,204540863,205836422,205852554,143570745,211276887,211403582,217470192,218000120,221787144,222033534,221808474,224104703,224663781,237323724,240150489,
Dead Slow,62118219@N00,57309719,61298081,63086479,63941027,72904417,73687375,73351067,73742522,32288058,79487448,80423627,82569696,82877297,84103772,84912231,90520802,93426377,93738883,94373842,53960403,102396099,103338022,109736142,108394342,113395624,114985917,114343345,115914316,109121924,5769997,113141071,124795944,124526754,114985213,129801147,129242910,128741684,128081203,127732904,127733628,127712872,132712856,132233213,132438384,131018538,131379399,129801147,57280328,136299366,135741420,134580724,134580887,135641292,32006724,99968106,135182318,135060687,87604133,90784495,89593116,143618460,143596624,143112611,143207736,142787652,105303660,139453240,138316842,137082758,137080542,15640020,147812689,145948298,145856224,145095715,145066861,150189246,149525702,152572262,110176574,128097842,159630926,161540225,160705169,161003996,161004017,161004030,147646404,161525040,159387013,163443844,163283960,164524902,164481705,167720454,168958199,169334528,171013568,171173338,171680849,171822624,173262139,173760915,176408106,176609646,176888127,177853335,176057797,180214861,183184726,183402068,183484090,183895017,185293500,188510715,163952629,189026160,189095005,189135835,89603601,190454637,190936652,188202320,12682336,196849945,197792239,198854529,196835240,78168187,209752912,217446860,218037876,218278571,221669797,222334889,224737637,225527333,226101324,225283031,226772271,225673117,20724150,20730015,229890732,230734970,231302902,232117510,234220466,234279579,234310828,230733572,117907092,236521877,236580585,237876878,231398037,231350976,239504976,209752825,241957168,235783363,242150338,243014340,246258988,246922423,248745801,249510596,221669798,176609061,138619246,130248033,201311511,29558929,
Tomas,35034353577@N01,14451096,13413358,11855724,2458634,13240512,6475459,6475245,13049395,5979021,9927753,15407883,8499054,15590035,13720946,12100969,15727964,15731236,11439081,16027035,10041023,16321086,6023559,16557494,16715584,16937141,8259562,17079186,17820214,17906904,18350111,17954634,6981600,8246450,18727811,18780340,20614398,20647795,21285235,21418629,21832455,22062020,22067413,22073088,22533945,7641292,24842619,24946353,25364002,22461019,25933908,25986416,26043487,27216361,28116553,28527460,27865136,30536780,31343080,32255135,10461086,32660218,12951116,33916030,35808199,36990152,27506466,39063866,40877065,41583005,41797529,43179143,42829472,41787635,41787636,3674245,6584819,29007715,47029246,51033084,53851415,54791680,51781559,59540664,59540663,60338758,62696368,64658688,64703955,64952986,67744982,71373354,7354072,73976138,74023916,78807371,80700037,83660784,84656232,84843418,94420047,100325734,101993662,103658244,96770925,107076698,110224826,109548551,18291065,125473232,129551008,98109069,127365348,126867483,130634994,128374040,135903838,9454576,140644772,136667650,136725464,149525829,151474814,150997854,153434018,162554011,164350809,176865906,178170200,138118502,198654746,150761933,101960257,198990987,214403762,228714804,206747827,243649879,
Octoferret,57301170@N00,92387494,167567525,171145898,170899622,174255265,174870453,174870200,178168729,173992160,65430275,163841748,181297651,183541596,183089430,183563805,183570233,27512539,170901111,185246659,185292977,186854763,187040193,187721317,188560785,175230735,189717182,191519808,192458991,193529099,193795066,122916509,194559919,195582075,195599546,197455014,197601775,198416906,198553600,200702581,200784977,199344133,202138482,200420635,203082650,203762418,205303545,205423033,205435231,205477340,187879268,53932890,12746945,206938023,206961542,207236111,208649558,209872280,209247618,208649559,188573686,213545168,208649557,216553433,218155607,208661118,218278181,219560982,220402799,220710117,142384629,221732759,222381336,222439585,222640192,211588471,223486897,224083635,224974954,224978081,224993597,225029379,225527259,225638670,226534975,226535894,229830537,229323851,232438990,232471151,234302891,234300179,233439986,236423842,236674675,236405335,236850503,237036091,237452487,238036218,233474069,238201590,239856722,243014341,243013706,238213588,245080992,190958406,245926547,27241745,77079454,246170492,249430425,237802538,250162531,137904225,185293757,145861419,182434069,144558088,193722670,155218437,144922708,187062119,48531514,189230753,131751705,30752483,143208064,145736861,100640573,146627852,27061812,160324642,
uzvards,71214463@N00,22823328,36410239,36601057,37678651,54397504,63083743,67667678,71437657,71635359,59752384,73522135,73411675,74225364,76145406,76268143,77639842,78173948,79686403,86739634,91621211,94273176,96639657,99766436,100083445,100536370,100639787,64383705,107936535,107983109,110723480,114829125,118479519,71402470,127282111,125009532,128204680,128131483,127750455,127282111,22823328,99099400,106502697,135375310,133310076,132911706,62074878,140052656,99055864,138049773,137937616,148553999,145895771,150193062,151766628,154274743,2476753,156044899,156000654,158474767,158428562,89437696,158234996,154056454,148527367,25760985,164524903,167269808,4812230,164388945,168720620,169893985,170212688,170214549,170324812,171738040,178175339,179781898,181275179,183183725,184799426,188057787,189845313,134962269,193792003,195121891,193678444,168629328,212283344,213384771,225341811,234293668,244416066,233474026,220553957,53930646,
eric in sf,39312862@N00,15018560,10464109,9927754,15537646,4499112,2309733,12771615,16701092,1717747,17345668,18140683,18208812,18523200,19246430,19457445,19460119,12248627,19687212,21050258,21125481,21526330,22093847,22549100,22550176,25074194,24693972,22067365,27888479,28640997,29833404,30568141,30348780,32132995,30543216,35492071,36354365,35979137,39067782,42465689,43197401,48817405,52607213,54905040,57422817,51523408,59544384,62479447,62696497,63821184,66440132,68768080,71117350,71118249,26505142,71497971,7174250,94272735,95644849,96134764,96491439,107932675,104498973,119619921,116234366,8446965,98419288,129821198,144885255,144923309,161237390,160324397,163899638,160717564,173716424,182001362,27167469,231325877,231325781,246293744,
potato potato,70066181@N00,103534149,132191690,135903842,135903840,143244309,136669209,148942205,118588758,147067626,147069153,147069654,62097828,150188040,151768822,151649684,152572506,62013762,155998211,162553517,162653799,165186296,168770826,170324798,116574941,162025293,174708070,176409705,177502699,177998062,179970884,180509842,180396116,180395615,180395146,184473011,28416669,190939306,191523415,194789296,194012104,201349916,201610452,195930564,180393221,205246091,156766689,18643445,208623808,209752584,210686145,210688438,210690136,211514156,211143821,212984567,198382858,198382915,193678284,206763815,215604054,218938346,219357636,219575846,219576398,149407506,223991118,225638751,232438997,232833608,234737250,238036219,239077526,248553940,29540927,96639606,103656550,
gwdexter,29321726@N00,149518112,162578948,162371092,163770883,162787628,166104512,164727377,166507273,167392238,167755262,168754620,60641930,174712053,176411912,176609956,176857793,176886866,93985163,179282729,183164699,186854657,187683635,187884773,187867660,188867319,191511528,192240764,192904428,180690178,193230799,193081621,194208000,193678065,199387243,200895086,201269456,201520093,202574407,204993475,206140951,209287278,210682484,213409859,218278554,218279408,220611010,229756239,220446623,230733568,231517553,232105436,234457822,233473914,233442266,235752836,88851908,242954427,242954301,242954207,243649878,244170187,245588802,247211286,246173948,163841751,
mission75,68077031@N00,68188225,89482435,115914377,115914856,41372269,122765329,124877417,103316870,125273513,127792519,114003102,133196617,141385337,73151219,51913826,54503353,146794071,93370742,64831957,151197924,151198263,103741358,152480798,152858179,153485946,157301494,156639632,158555620,160324338,161975165,163771627,167498030,167511237,128260460,102787286,171304283,171733063,177093389,177093238,173043074,178074896,180320848,180743386,180828827,180996396,183183888,180394487,184236723,188057785,190889262,192879042,201918945,203294702,203647934,179522469,217816831,218221058,220748189,232311122,227292624,142581016,
George_Washington,92073292@N00,25125348,30543518,36415635,41331660,44074945,43893397,44584856,44875000,48185531,60464954,64858719,56208586,1674661,70710977,72645768,79026625,86697729,90401611,99559379,115720370,98131677,121367183,123548428,123396795,126887508,126887508,132626792,132626802,132626820,132464816,132221088,131657911,131259423,132283981,139552296,137045006,148070126,147068170,152650760,153444415,160324546,162251772,173760600,181259028,186854728,186854673,187288257,187479862,187804407,189095232,189677239,180689764,195787518,207305592,208870073,217223894,218846508,219313102,223988546,241314426,
lilia_ahner,41894196162@N01,26196914,27010109,27034918,27110199,27692916,27499334,28531259,28863698,29969003,30456708,30555849,31089685,31122311,28330278,32479693,32780530,33066011,34614039,35307206,37397255,37422584,41631800,44541600,45598968,52305073,60654448,72584721,81540561,47201249,82567688,90020541,107674144,118990560,129246370,134827837,133309174,143208927,156045601,162261026,166907047,176799416,176888638,179444834,179290938,187040224,189088176,205458198,204586616,208567494,214162478,215604382,219177111,220729179,224902591,227154371,229785048,89592622,29818395,
Jef Poskanzer,37996593020@N01,15514375,23370563,23370489,24048651,24394827,25030154,26416865,26417170,26419790,2807198,28950153,29409700,29538023,29600959,30483136,18118447,32399787,33839216,34403169,34744720,39062925,48185532,50574020,52808074,58406158,63107741,56208586,67006023,67561295,73378511,73401582,76144283,32288057,82361519,84180460,75818831,90398462,103316106,104553829,107421116,31279751,110768832,115894525,124526874,93158547,126661317,126233851,126220099,127712112,135205898,159632934,180689971,195224836,209752799,
sparrowsmama,74001603@N00,106181460,164481197,174327302,179269875,180036766,181839954,183164698,183184477,185596349,188488278,190196738,191147785,193209232,197602329,205437935,33066012,200542977,211278585,211453700,147465906,184576446,216958246,218219528,219313493,223479490,221791964,219313254,231890778,219313165,237968494,39477097,242008517,214518262,241662127,242441033,242439491,242440312,243013709,244311548,244887514,244280047,244279235,245958340,245820078,246166073,43453869,249972311,140454478,131753791,178676288,210632529
SFHandyman,48622694@N00,93738938,98108728,100500145,102465711,106331328,109870042,110002881,104420475,110659399,110659399,113565947,114798154,113218707,122765299,122010776,121579969,7254817,124556261,124049214,123548431,128329346,145460228,145409075,144558089,155605735,158312767,164378522,166505167,172449713,175161142,176410358,176887769,179467908,181894121,183184639,183483568,183525906,184278689,186263476,187637720,188573683,194542992,194546194,114742149,194559917,218278421,230075102,231350984,230733569,246867327,
nac!,30059339@N00,129005700,128794697,132691786,135561922,133031108,144416125,143619553,39708022,148523761,147465909,139578935,145391776,144979901,149525984,151742803,150957825,152915382,157188111,89209417,161364426,162531283,162018353,165614111,166973414,167192964,174702723,176411495,173043881,177470663,177121110,189732864,189915635,193071636,193209496,194912360,197308318,193846110,200651715,28930801,208771953,208865246,214645334,217246664,219613413,219313459,225813482,245100343,247498037,
shamelessjames,81903132@N00,131349271,134421236,132284636,114409534,143271904,131036275,84421136,138516924,138517415,101035951,136400393,144415632,164539452,27692508,165539612,165559311,165853128,27496007,166505900,167128352,166197832,167519059,143619266,168360192,169012731,169931660,170214643,170663320,170962396,171087025,171304283,172471942,176280911,172931767,176517143,176408951,61826234,177994023,180398896,184516054,188500107,193867043,189648357,197841208,238053742,
Les Izmore,33553354@N00,152572462,155220615,130667046,159450326,158553656,161574253,160891351,156981586,161799498,167202115,165852766,170882313,170962397,163956230,172299309,173991839,175588231,184799729,184479299,190443647,191511527,195185263,195189340,202386866,202583237,180393937,210246888,209752695,211277754,217801666,163952606,223992876,225079717,219313192,228237372,229337518,204150133,234962733,235605664,235662769,236856778,240305530,30144214,
sashax,99664436@N00,18446496,20352161,20540703,21330269,21827766,22322206,22484931,23553536,23804346,26701794,27865135,28823155,29162389,29491485,27897878,35612070,27687243,41175550,46544729,58394293,59260271,4766906,79919207,129750301,127785229,134594095,142584186,138274915,145384434,162530339,166127741,178068189,183703659,189026157,191961424,201336275,205477339,246994908,
allentomdude,65259128@N00,94432372,108797814,110390134,111221953,5765390,116162621,117827357,120065700,124497032,124492855,124296862,127829473,126690525,131885822,130635007,121020635,131753311,139404519,90786230,136605109,139622611,150666998,151716004,160619124,164032419,170072270,170214549,172461264,172462788,173037209,176051415,184058635,185293855,202145421,202550759,204033757,199327758,244308207,
JenniferWoodardMaderazo,22148389@N00,68773735,72004780,130848294,140132568,154608467,167392234,168774008,168674142,170216085,170810554,171254824,157232399,52887071,178062066,179332983,180318669,183089432,180391960,180427427,27868753,188500108,188560787,13583328,14023763,194559915,194451053,195659252,197539317,198629353,205554427,208623814,216712290,218174006,245238796,245101093,
SFKelly,57986976@N00,26703641,47714187,56827104,62696459,64668193,7354065,80657611,84715062,85456821,91682207,93253464,98134894,121721756,124984553,124880402,123618814,141567363,138517053,136533348,145848684,152572399,138618698,162181695,168749365,171100816,188616433,204554692,204554693,211528967,219736181,40014766,222857544,232498452,234455737,
David Gallagher,27109792@N00,218203212,231325929,232105604,230733565,232833611,232311631,233187236,233078318,233178703,234293663,234558068,234962732,235783282,233173833,236856776,237397530,244402846,245221226,249403077,249515683,40366219,249555490,249809982,247692424,200615127,195244928,170215330,19034492,170150303,115127802,147069861,88481245,189906679,237453330,
mcml05,60248468@N00,27044539,25117192,28012208,29567078,27931204,33065735,35271824,35271867,36547804,48921142,49880790,52024781,55470110,55469358,65349265,66187001,69960142,69112505,107936518,120822706,121148193,120152362,124895636,121193637,128993732,128797054,128363809,128175266,128081105,159765110,159462006,165555159,
michale,95286689@N00,8499055,16883082,16957370,16958321,17742611,18196028,18746571,18873391,18917978,33328067,73522296,107932700,110195516,112265103,112351653,76108541,113935603,118479593,136011948,136011948,181277932,184935377,187723483,189626952,190651136,194936820,193678251,201916082,212236723,217816828,218173616,231214188,
cbcastro,79562087@N00,172425577,172463985,178107492,179416497,109503600,183089426,184530312,186408926,188057784,40657094,180046597,200867518,205183641,206277799,206142313,207138209,208630138,111095859,216668654,218173768,218814750,219583239,221669796,221786220,223484881,225273321,226818090,234698689,231350977,239076975,132400048,245100191,
_iNOu *愛の湯*,92171545@N00,143209850,139427404,141199335,145431365,102548864,152063364,32007926,159129928,161525038,164549768,165559486,169830274,147465398,173037207,175738055,178698155,85300153,188077379,193718322,193736731,199939040,193678031,207391791,214185651,216539598,218278549,219313137,224702542,233438638,235783286,204249109,
noremmie,48771054@N00,23368498,23671822,25401332,25612714,25780097,25879829,12287021,4081126,27696154,28434533,28520751,28330436,28862204,30192027,30508891,30530320,13727083,2657483,39412173,39621492,64514780,79687512,96062555,98848785,103029412,105218593,27683094,128080876,130635026,
Alex O'Leary,92479323@N00,16680455,17488727,18109215,18306509,18790310,20014291,20014137,21204116,21708017,22069905,22192072,22545169,22548111,23704462,24291221,24393291,33995448,35424029,39891420,40713212,11560918,81225432,89964628,92861563,97869759,101956472,119609606,132221012,139076499,
tomfaulhaber,19966567@N00,130790991,143113961,143196366,138119713,138021727,39740292,152345399,152342661,152320330,150983752,152063810,154497756,154365889,156070930,169334527,170178091,172431426,173037206,9657825,185732005,188294938,194011422,200128186,215417568,219290294,224143265,227154373,
ecastro,30182398@N00,27684781,189021410,176483059,189215634,163897509,27497956,193528260,193693421,193722668,197456072,199886950,115343986,208623805,202146334,214162598,216662409,212996051,217909294,218173915,217425137,224104703,224144735,229148792,231325810,236423875,238663024,248748421,
Magillicuddy,13121985@N00,19795444,20533517,22055217,22533511,23616268,26621858,23704460,31313707,43323616,42836578,28593453,46681636,53879241,79512396,92404956,91195622,104241944,173037210,177990042,191523478,193027790,194068143,209752998,242439956,242441738,243397671,203527338,
SFBart,12764070@N00,53060378,53261285,53664701,55302265,55509775,55879888,56827068,58360789,60147606,61455339,64591468,64995744,50448501,67177913,8895640,71990834,71991553,72972652,79512393,9536517,83536888,85954071,
väcäpinta,34427465953@N01,11870842,430923,15731237,5612702,15743762,5791504,16680457,17079121,17341138,17946941,18300774,18363385,18448157,18601479,19493007,19717098,19885353,20662472,21228319,27791141,28814281,
SLP 2.0,94249917@N00,132691501,148740740,166242594,168431515,164480240,172799409,174946449,177099420,178761537,198460793,201613337,211453572,232833610,240150476,131349270,245083660,23399214,249508768,38763661,128793825,
PhliarShamim,56861611@N00,19686735,21419119,21419331,22430947,23145568,24828158,28275614,29857743,30731112,30743416,35123520,36354363,37392654,37682088,37999843,38472934,42351844,45687161,
Troy McClure SF,50769931@N00,119930533,129656496,128175676,36434211,152572361,147010942,137667576,165895909,166202698,167200237,164481205,90115494,178680110,191463903,205163682,221088293,225788142,214481838,
voodooangel,29444452@N00,34645721,75838565,94941394,131780109,135205899,143271900,138871393,149489274,149137138,152480800,110176577,147010970,163032194,131780017,212573204,209753029,243162532,178171027,
bobby fiction,40732547109@N01,12745127,16594471,18696038,19521949,24825182,26890937,24077420,27044538,24419325,33033268,32482002,35198587,3358122,38093233,50125793,52285851,57839964,
whileseated,35237093608@N01,14801922,8148363,15292331,11086372,15820446,15944907,15993876,19467915,20848269,21016785,21187369,21318244,24504478,31313798,47509395,59529848,133932282,
agi500,44124337679@N01,19633016,22519417,23914138,32751891,34033735,35711233,4285761,52354597,65317113,67570128,67744982,68775227,87888345,102516692,6644958,226734342,230075104,
justvisiting,57955001@N00,25486048,25718650,27110532,29489865,32435900,36240744,42830272,44255337,36424607,90130068,99578738,106992101,182445636,187884370,156587444,193678340,246282475,
image415,44124275302@N01,5210316,32608275,27868328,40512667,133606884,184487375,184516161,216000978,89605037,223482554,219313410,231104890,235518276,242467404,248839546,249430423,55821278,
chichi banana,42945057@N00,126690562,129580193,129252862,129218906,124409379,131259494,157742009,161265329,159578483,169205287,170177086,179269872,183066802,28934688,191236864,224286917,
Hazelhell,70265341@N00,113228467,119206732,144898434,144597895,140470049,144484733,153471942,165073982,140470180,164024931,170215032,182769672,187683606,193685234,193946519,242032068,
ptufts,68484106@N00,15329004,17299909,7590186,31260610,31313937,31313912,31846915,3652754,44255921,48730077,52352401,56081023,133309305,143076750,
claudine,37996575799@N01,13300843,15565300,15589786,15878382,18083400,18290641,20468763,26148803,26461858,26970731,6875312,30305765,31073154,
Verabug,48889090002@N01,27408846,35725191,35725174,63282434,73075348,73452799,47919366,116426663,71405786,119823017,124455877,37382417,
greta red,25634302@N00,16812415,16937880,17044387,17100917,19118949,20014612,20549433,4697292,25841154,31732036,78508017,103643484,
Tom Hilton,54259492@N00,188560786,193535345,203249257,205001072,207053501,224004817,235125694,249323769,134948648,130955667,7095345,
willsfca,88992939@N00,16597224,22034319,22332888,23050907,24621573,25921068,26206107,49828881,50305581,53511007,
mioi,66485313@N00,2309722,14028497,14508697,17820210,18445973,22533969,33562263,47789213,19942127,101053863,
carla la,95389464@N00,132377368,80611675,201663851,205507996,206141698,206876883,206898339,208661118,226770320,232438995,
susebraids,36694304@N00,163353942,177413436,162528000,199415321,208146490,21703611,230691144,233445411,233473965,104842718,
skew-t,78758153@N00,174869811,193772245,213059150,215770116,224593468,232486159,232839787,236674677,242441033,242439491,
prima momma,36875563@N00,7161880,11605128,18643085,19221057,19540770,20347746,21705341,11117433,21705341,
ojoblanco,10749036@N00,5617958,7603468,166405,2603212,430848,17301213,20610895,21743876,23684791,
leSiege,66279255@N00,15725388,15747741,10700996,15171531,13895268,28658035,35390336,39144735,62102806,
epugachev,49786773@N00,17018568,18371229,19123064,20333971,21750340,5230142,59882289,98108397,125507543,
1e3words,21802301@N00,161525035,164726510,173558001,176881776,183068579,187761476,189746887,194887451,183068578,
tndril,99244087@N00,168126504,170126787,172635114,176881797,177105330,49511474,242439070,245080990,246283876,
mdoeff,25872173@N00,26077741,26244716,26328645,28389829,57709273,60443876,76147021,93936991,
yatima,53361139@N00,18448156,19006376,19190982,19350366,19507696,20828773,327875,149050939,18083473,
djzealot,49475758@N00,146991057,56816630,160555327,188795987,189331087,189544902,136668478,154955325,
kewlio,51035580780@N01,67341171,72328410,79563365,166625054,168629329,176408701,193678226,218111525,
aGreatNotion,48416627@N00,124409411,151348507,162018683,230075099,237968456,240150485,242671565,246245639,
mojito,36521977153@N01,15497089,14033719,12237807,12248252,15826597,16114750,19897800,
Gabu-chan,44693988@N00,27600330,33778256,47926507,48925265,49502264,49811728,50164114,
lawatt,14384441@N00,15190183,15986220,16371220,16614074,11605350,18309804,
Bringo,37996590326@N01,14938287,10464010,8172955,30543655,31976100,32102432,
quasistoic,33041675@N00,113788,12235204,15949557,16186235,154265128,156181967,
iva_01,80126176@N00,118588685,158892200,198114509,207453129,225638791,246245895,
Morgan Worth,44258276@N00,4969780,104736792,64838548,118569385,122813667,
judith,35034359901@N01,24551835,41903414,42157937,76171944,14565567,
Eggz,37439857@N00,22464881,24824583,15165830,27028998,44571593,
funkandjazz,95141439@N00,15551745,26056558,26148804,26206139,160500570,
lindn,15339805@N00,84430640,111166087,69583579,156799552,38818680,
hale_popoki,57058670@N00,8447309,156000652,173037208,127748878,206609857
bristlecone,68361313@N00,191266314,192450650,195540165,198654008,232091398
frankfarm,14469908@N00,110168926,200545672,201335981,216973025,224195693
thepartycow,44124327211@N01,51865566,54224230,62710665,62941298,
ericrodenbeck,33084706845@N01,17689233,19540771,22712695,45590748,
migurski,44124327476@N01,20135766,20353979,33426858,35231506,
goop on the lens,96275286@N00,3774982,19326543,43835918,47555477,
etalk,84128610@N00,20928521,27931203,31313884,38789452,
Itinerant,30359574@N00,93873146,147466034,40660291,180392606,
* cate *,38623616@N00,12591515,19715438,26070059,197308318,
EastBayHardCore,53495873@N00,32660217,181774115,191080149,238759877,
rick,35034361412@N01,230592861,246640672,247939821,247939822,
missmobtown,33674856@N00,26739511,27670693,47282557,
kizzy,72303048@N00,25008229,28927602,29095343,
dav,37996635091@N01,21836707,22579600,23991510,
Chris24T,84275390@N00,19521951,23355549,71044183,
cheesebikini,44124279284@N01,4087782,28330847,28922140
Keisuke Omi,84736523@N00,132880199,141427278,170901120
jennifermckay,65568471@N00,143589834,143528087,207041063
Ko(char*)hook,24007924@N00,180428022,184165528,216318301
Thomas Hawk,51035555243@N01,22533970,35193208,
Telstar Logistics,49502995517@N01,119478552,125189118,
Rowellan,87836053@N00,44143994,55470343,
petebeck,64435420@N00,28640996,103690420,
joelt,54491870@N00,35771076,41908387,
houze,52384216@N00,26418343,46694187,
Kontaktabzug,75459271@N00,108379658,110740360,
heather,32373682187@N01,21231454,25952959,
dp.,69931595@N00,9164683,18003991,
dobsonprice,25446495@N00,23061269,23069823,
CrazyYeti,88604060@N00,26465922,10464055,
nation of thizlam,56837449@N00,21583825,26169980
Grady O'Bituary,61794225@N00,22766104,85844397
Ro'smom,51296178@N00,20658230,64335741
susafri,57215031@N00,159107263,159104811
Celbridge,68481709@N00,162371099,162839892
CuriousSort,81849041@N00,168127829,170072231
Jez and Brooke,31877592@N00,83145443,14252812
alhadley,66929938@N00,193417622,201346680
_lmc,89687170@N00,211980865,212335509
brizz9,70064938@N00,228237371,228237375
flemertown,26379582@N00,195189339,164724172
photo101,82878741@N00,243900978,37752013
yuzu,30508081@N00,15120673,
Trevor H,97898435@N00,31506804,
the haighter,92826168@N00,107076551,
the earthling,22942108@N00,6649348,
surfiñg sløvak,89597864@N00,27906300,
Sugar Booger,51035800382@N01,64923507,
spot20,26575274@N00,15089413,
SeenyaRita,46673838@N00,104051239,
precipice,35034347076@N01,25640844,
povertybarn,58737839@N00,26622841,
Paint with light,88017173@N00,112892408,
otherthings,18619970@N00,17951597,
northern california,21705618@N00,24814511,
nikkigunn,49503142508@N01,3083902,
mpmb,97499406@N00,61142020,
mnrromero,47738864@N00,25641020,
mkaz,42867793@N00,104509992,
maxcdow,84744496@N00,26079739,
margarita azucar,95332245@N00,22093815,
lslphoto,68987358@N00,98597932
Lola34,22752108@N00,24220873
linaeri,67295549@N00,118994537
ladypictureshow,40949904@N00,25850142
crylov,58984875@N00,93738904
vidog,33708553@N00,21419689
kodama,51035751904@N01,15234561
keauxgeigh,49503041627@N01,88137600
kanako-chan,52374457@N00,28078462
juicyjuice,96519038@N00,78599673
jordan klein,88314911@N00,68514368
cozysf,52538680@N00,62033514
john curley,33118749@N00,21533601
joannap,96764860@N00,23401328
jjuania,48312807@N00,115914346
JJ San,64072420@N00,97820594
jeffluszcz,31559894@N00,101664933,
happening4,11474370@N00,47046278,
FredArmitage,58746120@N00,10324263,
francoisdepayras,51691490@N00,47253137,
fotogail,27718430@N00,19315477,
forota,85466527@N00,31608594,
etalk,84128610@N00,26269584,
emwilska,57505152@N00,88755575,
Emmerich,95315733@N00,22759987,
Eldoubleyou,17732196@N00,40152711,
DRAGONFORCE,94459249@N00,26975529,
dog will hunt,16183123@N00,33511930,
divakitty,67709108@N00,30544090,
cranium,17478926@N00,15046061,
courtneyutt,60144845@N00,372934,
Cerise,88068639@N00,15640407,
catfish_hunter,71776352@N00,27506123
caf,49502994054@N01,20437013
atotic,65743478@N00,23895976
atanas,76434874@N00,27920208
AlterredEgo aka ArtsySF,41914510@N00,58280341
abracadaver,86795070@N00,21546754
Aaron Edwards,41297282@N00,76902769
timmy_foster,78041556@N00,126632514
Jamison,51035647214@N01,109280429
Polly P,45295002@N00,135641152
(ariel),19344162@N00,140470642
chrisgleason@sbcglobal.net,79518748@N00,140453929
scottj768,39274729@N00,140453679
m s a,76206179@N00,136668867
Peter Kaminski,35034359460@N01,152915627
Forrest L Norvell,33513198321@N01,164049207
californiadreaming,89677771@N00,166168513
guacamole airlines,90842332@N00,168711756
Shannon K,55581670@N00,169709601
brighita_pita,63716767@N00,175738682
drain,40040707109@N01,179983736
crow_soup,31009776@N00,182260963
Uberwilbur,22163100@N00,183316995
jessyjones,33751421@N00,185219028
jangsit,25095855@N00,212536979
Chisin,81707267@N00,227853320
fom,38536706@N00,225813353
Abraxa88,52466173@N00,233457488
D'Arcy Norman,51035644987@N01,132192233
ihavelipbalm,63348305@N00,209753056
moucri,27853624@N00,239379119
inarges,82409598@N00,240200928
headphonerecord,49503053649@N01,246867331
ChazWags,40033932@N00,246171331
heather_mcnabb,69608195@N00,218155580
ehoyer,74173260@N00,117906538
Mecha Wendy,28189767@N00,103991503